"TENANT_NAME","MESSAGE_ID","STEP","PAYLOAD"
"e76f60b7trial","AGMFcQjfS-RPlKPy9G2CMzGwORjN","1","2022-08-23 16:30:00.000"
"e76f60b7trial","AGMFcQjfS-RPlKPy9G2CMzGwORjN","2","2022-08-23 16:30:00.000"
"e76f60b7trial","AGMFcYC4iYk_W4ukxWGFcMGHRdPG","1","2022-08-23 16:32:00.001"
"e76f60b7trial","AGMFcbwfMf0j-3uDUoyfOA0mjqqL","1","2022-08-23 16:33:00.001"
"e76f60b7trial","AGMFmziRC_m963Ufx_RGVUv3hMIN","1","2022-08-23 19:30:00.001000000"
"e76f60b7trial","AGMFmzjbIX5v_ldHYaH_vqJfroeq","1","2022-08-23 19:30:00.001000000"
"e76f60b7trial","AGMFvTq1XhVhmH_6jYdaSl7pdmzV","1","2022-08-23 21:55:06.401000000"
"e76f60b7trial","AGMFwJLSy9-y5nCZLSRrdZiTz1fI","1","2022-08-23 22:09:22.556000000"
"e76f60b7trial","AGMFwQWg49pbtHhEwTg7pVC2jfVa","1","2022-08-23 22:11:17.013000000"
"e76f60b7trial","AGMFxiXaoInfAJh3h3ey-UqOkA8Y","1","2022-08-23 22:33:09.839000000"
"e76f60b7trial","AGMFyYNMf2Kd1uIStDJ2nEQf84PG","1","2022-08-23 22:47:31.530000000"
"e76f60b7trial","AGMFyu87OTwL688LwL9-Nszotm_Q","1","2022-08-23 22:53:35.454000000"
"e76f60b7trial","AGMF0VY2ZxNaO2FSF0ExKvwqL58R","1","2022-08-23 23:20:54.970000000"
"e76f60b7trial","AGMF2z88-vE1ZczlPRh97ALq7PMu","1","2022-08-24 00:03:11.934000000"
"e76f60b7trial","AGMF5fvhih8LaXlXixLhChLZCYnP","1","2022-08-24 00:48:59.825000000"
"e76f60b7trial","AGMGAcsb2Akcw7_aO7aZtOmaVgaP","1","2022-08-24 02:47:39.308000000"
"e76f60b7trial","AGMFmgzYgLBzsr9X_2F_trnlti_B","1","2022-08-23 19:25:00.001000000"
"e76f60b7trial","AGMFmkgkEimI8HIeScy94-EkLAlh","1","2022-08-23 19:26:00.001000000"
"e76f60b7trial","AGMFmoQd1bpySisg70DeS_PBelau","1","2022-08-23 19:27:00.000000000"
"e76f60b7trial","AGMFmvwGwrFyPQWzOy91Uwz30qJM","1","2022-08-23 19:29:00.001000000"
"e76f60b7trial","AGMFm3QZ6NCbMYoDCzXyZELfXR64","1","2022-08-23 19:31:00.000000000"
"e76f60b7trial","AGMFwkSCF1GUD853M9LPmdvTXJLt","1","2022-08-23 22:16:36.864000000"
"e76f60b7trial","AGMFwwFrBqHWHQzDJXTYt9AD17Xo","1","2022-08-23 22:19:45.475000000"
"e76f60b7trial","AGMFyS4iF0viUFiqsI57cri_2jtq","1","2022-08-23 22:46:06.817000000"
"e76f60b7trial","AGMFysSkxeqU4WSMXD8gMnVLjAfy","1","2022-08-23 22:52:52.301000000"
"e76f60b7trial","AGMFyuXy3Yit1COapfo39i_iN29y","1","2022-08-23 22:53:25.564000000"
"e76f60b7trial","AGMFy3FoJ226-lBHX2xOT2RJ81fC","1","2022-08-23 22:55:45.925000000"
"e76f60b7trial","AGMF2l-DY3Hh89WsUxpIJgYVSifn","1","2022-08-23 23:59:27.377000000"
"e76f60b7trial","AGMF8wKI1lPi8HlGd-b59ATnNzHo","1","2022-08-24 01:44:34.391000000"
"e76f60b7trial","AGMGBExK5t1otprPUlwZxBmN8-oX","1","2022-08-24 02:58:20.356000000"
"e76f60b7trial","AGMHC_Jw7GQdO3RiMwcK2V34DZ3Q","1","2022-08-24 21:43:14.034000000"
"e76f60b7trial","AGMHD4Ig3_2OHdbpUUQjuEXm4ijv","1","2022-08-24 21:58:26.319000000"