"TENANT_NAME","MESSAGE_ID","IFLOW_ID","START_TIME","END_TIME","STATUS","ERROR_INFO","TIMEZONE"
"e76f60b7trial","AGMFcQjfS-RPlKPy9G2CMzGwORjN","TestFlow2","2022-08-23 16:30:00.000","2022-08-23 16:30:02.519","COMPLETED",,"GMT-8"
"e76f60b7trial","AGMFcYC4iYk_W4ukxWGFcMGHRdPG","TestFlow1","2022-08-23 16:32:00.001","2022-08-23 16:32:00.488","COMPLETED",,"GMT-8"
"e76f60b7trial","AGMFcbwfMf0j-3uDUoyfOA0mjqqL","TestFlow1","2022-08-23 16:33:00.001","2022-08-23 16:33:00.481","COMPLETED",,"GMT-8"
"e76f60b7trial","AGMHRyKlK5Xo8ke806nNydp4dmzp","Variant_3and4","2022-08-25 01:55:46.737","2022-08-25 01:55:58.734","COMPLETED",,"GMT-8"
"e76f60b7trial","AGMHUW0TY4IUYBh7j8AiT0ifi69i","ProcessInfo","2022-08-25 02:39:41.238","2022-08-25 02:40:17.877","COMPLETED",,"GMT-8"
"e76f60b7trial","AGMHVLFlfsSLKK7kGUcsdFCcyn_X","ProcessInfo","2022-08-25 02:53:37.851","2022-08-25 02:53:46.140","COMPLETED",,"GMT-8"
"e76f60b7trial","AGMHWIBXc0pbcZdfDNY4tId4uMnM","ProcessInfo","2022-08-25 03:09:52.733","2022-08-25 03:10:02.140","COMPLETED",,"GMT-8"
"e76f60b7trial","AGMHX2ZMaKWQgP06J0m5DGCePru3","Message_size_tool","2022-08-25 03:39:18.093","2022-08-25 03:39:24.280","COMPLETED",,"GMT-8"
"e76f60b7trial","AGMHNktaE-gvn-NxLbApaHeNtw4r","Variant_3and4","2022-08-25 00:43:55.445","2022-08-25 00:44:07.404","COMPLETED",,"GMT-8"
"e76f60b7trial","AGMHQxZt1mH3kKwIe7YtuXkB-_2I","Variant_3and4","2022-08-25 01:38:30.733","2022-08-25 01:38:42.800","COMPLETED",,"GMT-8"
"e76f60b7trial","AGMHVDO1Ka4LJmtwoRzbjihL_2S6","ProcessInfo","2022-08-25 02:51:31.914","2022-08-25 02:51:40.528","COMPLETED",,"GMT-8"
"e76f60b7trial","AGMHVJdfQJYSgaH_U56FSXPZHsnd","Message_size_tool","2022-08-25 02:53:11.735","2022-08-25 02:53:17.946","COMPLETED",,"GMT-8"
"e76f60b7trial","AGMHWGlV-2mq94bhq128OQYQau_m","Message_size_tool","2022-08-25 03:09:29.600","2022-08-25 03:09:35.867","COMPLETED",,"GMT-8"
"e76f60b7trial","AGMHX5HrgQuzCNoLTO0nBj_iLJtS","ProcessInfo","2022-08-25 03:40:01.033","2022-08-25 03:40:09.418","COMPLETED",,"GMT-8"
"e76f60b7trial","AGMHYE3bifL_bKVWwgqchnHtSql7","Message_size_tool","2022-08-25 03:43:09.155","2022-08-25 03:43:15.334","COMPLETED",,"GMT-8"
"e76f60b7trial","AGMHYHiHXzENGNohGlzPW3czHfyY","ProcessInfo","2022-08-25 03:43:52.526","2022-08-25 03:44:00.605","COMPLETED",,"GMT-8"
"e76f60b7trial","AGMHYbVyxP4O6IMXO_7dBm2bJn42","Message_size_tool","2022-08-25 03:49:09.451","2022-08-25 03:49:15.754","COMPLETED",,"GMT-8"
"e76f60b7trial","AGMHYeocvcO2XT2Xr3UemelIPaE6","ProcessInfo","2022-08-25 03:50:02.494","2022-08-25 03:50:11.169","COMPLETED",,"GMT-8"
"e76f60b7trial","AGMHbMyQ9nYz3rWrQ8uRGCtVu36T","Message_size_tool","2022-08-25 04:36:28.948","2022-08-25 04:36:37.215","COMPLETED",,"GMT-8"
"e76f60b7trial","AGMHcPjTsZ68qowqSsOLBokmdzkA","Message_size_tool","2022-08-25 04:54:16.131","2022-08-25 04:54:22.698","COMPLETED",,"GMT-8"